page,keyword,intent,volume,kd,cpc
1,best budget app,C,14.8K,67,3.74
1,best budgeting apps,C,14.8K,62,4.24
1,best budgeting apps 2025,C,14.8K,73,4.19
1,best budget apps,C,8.1K,55,3.74
1,best budget app free,C,5.4K,65,2.11
1,best budgeting app,C,5.4K,70,3.88
1,best free budget app,C,5.4K,72,2.11
1,best free budgeting apps,C,4.4K,54,2.62
1,best household budgeting apps,C,3.6K,73,4.52
1,free best budget app,C,3.6K,57,2.11
1,best budgeting apps 2026,不可用,2.9K,不可用,4.10
1,best free budgeting app,C,2.4K,39,2.11
1,best apps for budgeting,C,1.9K,69,3.74
1,best free budgeting apps 2025,C,1.9K,56,2.21
1,best free budget apps,C,1.6K,67,2.11
1,best app for budgeting,C,1.3K,96,3.74
1,best budgeting apps 2024,C,1.3K,50,0.00
1,best budgeting apps free,C,1.3K,54,2.11
1,best budget app for couples,C,1.0K,19,3.58
1,best budget tracking app,C,1.0K,85,4.16
1,best budgeting app for couples,C,880,34,4.42
1,best budgeting app reddit,N/C,880,37,4.58
1,best budget app reddit,N/C,720,33,4.48
1,best budget apps free,C,720,70,2.11
1,best budgeting apps for couples,C,720,78,4.92
1,reddit best budgeting app,N,720,33,4.48
1,best budgeting apps to replace mint 2026,不可用,590,不可用,0.00
1,best personal budget app,C,590,70,4.97
1,best free budgeting apps 2024,C,480,52,0.00
1,best free budget app reddit,N,390,28,3.09
1,best budget tracking apps,C,320,83,4.16
1,best budgeting app 2025,C,320,81,4.51
1,best budgeting app free,C,320,100,2.11
1,best budgeting apps 2026 comparison,不可用,320,不可用,0.00
1,best budgeting apps reddit,N,320,28,4.76
1,best household budget app,C,320,92,4.97
1,best personal budgeting apps,C,320,92,4.97
1,reddit best budget app,N,320,28,4.76
1,what is the best budget app,C,320,62,3.39
1,what is the best budgeting app,C,320,70,3.97
1,best budget app for iphone,C,260,71,2.81
1,best budget apps for couples,C,260,50,4.67
1,best budgeting apps for couples free,不可用,260,不可用,2.82
1,best couples budget app,C,260,27,3.58
1,best family budget app,C,260,68,4.62
1,best free budget app 2025,C,260,72,2.00
1,best free budgeting apps 2026,不可用,260,不可用,2.33
1,best money budget app,C,260,80,3.83
1,best wedding budget apps,C,260,26,0.00
1,best app for couples budgeting,C,210,34,3.58
1,best budget apps 2025,C,210,74,3.83
1,best budget apps reddit,N,210,35,4.48
1,best budget tracker app,C,210,80,4.16
1,best budgetting app,C,210,89,3.88
1,best free apps for budgeting,C,210,46,2.11
1,best free budget apps 2025,C,210,55,2.00
1,best home budget app,C,210,94,4.52
1,best app for personal budgeting,C,170,79,4.97
1,best free budget app for couples,C,170,31,2.82